{"count":1,"self":170.3637248,"total":173.5846545,"children":{"InitializeActuators":{"count":13,"self":0.0015013,"total":0.0015013,"children":null},"InitializeSensors":{"count":13,"self":0.00099669999999999989,"total":0.00099669999999999989,"children":null},"AgentSendState":{"count":8447,"self":0.051350099999999996,"total":0.11962829999999999,"children":{"CollectObservations":{"count":21970,"self":0.0480498,"total":0.0480498,"children":null},"WriteActionMask":{"count":21970,"self":0.0005013,"total":0.0005013,"children":null},"RequestDecision":{"count":21970,"self":0.019727099999999997,"total":0.019727099999999997,"children":null}}},"DecideAction":{"count":8447,"self":2.6875156,"total":2.6875157,"children":null},"AgentAct":{"count":8447,"self":0.4112882,"total":0.4112882,"children":null}},"gauges":{"3DBall.CumulativeReward":{"count":121,"max":100.099045,"min":0.500000238,"runningAverage":14.4504032,"value":36.1000061,"weightedAverage":15.24219}},"metadata":{"timer_format_version":"0.1.0","start_time_seconds":"1706468232","unity_version":"2022.3.18f1","command_line_arguments":"C:\\Program Files\\Unity\\Hub\\Editor\\2022.3.18f1\\Editor\\Unity.exe -projectpath D:\\UnityProjects\\MLAgentPractice 2024 01 29 -useHub -hubIPC -cloudEnvironment production","communication_protocol_version":"1.5.0","com.unity.ml-agents_version":"3.0.0-exp.1","scene_name":"3DBall","end_time_seconds":"1706468406"}}